{"ceb1725e-e1ea-41cb-ad40-ebb83d628dc7": {"case_id": "2f2cae7f-2516-4a29-8fdd-f4162ec49d2b", "opinion_id": "58f14491-f359-4e93-bc87-e6c08b64bd32", "paragraph_id": "e80f89ba-0e80-40a7-8726-348fdca0c567", "position": 0, "text": "Two entities may be found to have a common business purpose when, for example, the principal work they perform is the same, particularly when that work is performed in the same geographic area.", "label": "high value"}, "1e173d28-daf6-48cb-bdbd-f462053fcb83": {"case_id": "2f2cae7f-2516-4a29-8fdd-f4162ec49d2b", "opinion_id": "58f14491-f359-4e93-bc87-e6c08b64bd32", "paragraph_id": "e80f89ba-0e80-40a7-8726-348fdca0c567", "position": 2, "text": "Minor distinctions in the work performed are not dispositive; thus, differentiating among entities by pointing out that one performs union work and the other does not will not defeat a finding of common business purpose.", "label": "high value"}, "9fdb8861-6b2d-4ecb-bf9c-29315593dc31": {"case_id": "2f2cae7f-2516-4a29-8fdd-f4162ec49d2b", "opinion_id": "58f14491-f359-4e93-bc87-e6c08b64bd32", "paragraph_id": "e80f89ba-0e80-40a7-8726-348fdca0c567", "position": 4, "text": "That one entity performs a type of job or project that its alleged alter ego does not is likewise insufficient to uncouple companies with an otherwise common business purpose.", "label": "high value"}, "7d6897c6-8c79-424e-8c0f-394b20f0eec2": {"case_id": "2f2cae7f-2516-4a29-8fdd-f4162ec49d2b", "opinion_id": "58f14491-f359-4e93-bc87-e6c08b64bd32", "paragraph_id": "9d047576-6985-416d-a1cf-d4fcb3958c4f", "position": 0, "text": "Based upon the evidence described above, I find that HPF and High Performance shared a common business purpose.", "label": "potential value"}, "90e96c92-46c9-4f3b-9c7d-a4a9f8032eb3": {"case_id": "2f2cae7f-2516-4a29-8fdd-f4162ec49d2b", "opinion_id": "58f14491-f359-4e93-bc87-e6c08b64bd32", "paragraph_id": "80b63040-0e6e-4ec4-a7a9-c050cd286152", "position": 0, "text": "The evidence recounted above demonstrates that High Performance and HPF shared management, employees, operations, and equipment, and that they had a common business purpose.", "label": "certain value"}, "e6e7bbd8-753f-474f-8a72-b0124ebf43df": {"case_id": "27a9c54f-cf69-4b65-9f90-181b81c4b5aa", "opinion_id": "5642d521-eef5-4786-a17b-3c6dcd494067", "paragraph_id": "42f6ffcb-fb8c-439f-91f2-9dedea487589", "position": 2, "text": "Since Universal’s establishment, Continental and Universal have been at all times material herein affiliated business enterprises with common ownership, common management, common business purpose, common facilities, common equipment and other assets, common employees, common jobs, common supervision, and common customers, and thus constitute a single integrated business enterprise, single employer, and/or alter egos of one another, [and Universal further is a successor and/or disguised continuance of Continental.]”", "label": "certain value"}, "187d30c7-08d8-423c-8796-7762f8c75dc5": {"case_id": "bf10a88a-ed34-48c9-91df-921d8abb4b26", "opinion_id": "2102c1fb-c8cd-4244-9c72-fc3b0a6099e1", "paragraph_id": "aa43c3fc-a1fa-4a12-9b6f-574408b96985", "position": 0, "text": "The FLSA provides that the term “[e]n-terprise” means “the related activities performed (either through unified operation or common control) by any person or persons for a common business purpose, and includes all such activities whether performed in one or more establishments or by one or more corporate or organizational units.”", "label": "no value"}, "4a7b23c8-0eb8-4f65-bd5a-33b43db44514": {"case_id": "cb54a8b8-7c05-4ab3-b523-8f1d6dcd33ba", "opinion_id": "d94421ff-e808-4191-9b2b-20d3729205c6", "paragraph_id": "7eb6747e-23d4-4d85-b719-37ed8db80131", "position": 0, "text": "“ ‘Enterprise’ means the related activities performed (either through unified operation or common control) by any person or persons for a common business purpose, and includes all such activities whether performed in one or more establishments or by one or more corporate or other organizational units including departments of an establishment operated through leasing arrangements, but shall not include the related activities performed for such enterprise by cm independent contractor: * * x\\”", "label": "no value"}, "a82c6597-b80d-4cf4-9d72-835b8648555f": {"case_id": "1a9b98e1-2c0a-48b3-9c51-13f4adf0e618", "opinion_id": "925c2f34-be7c-4098-8bc4-069df1f994e5", "paragraph_id": "2d0284bc-b5ef-4e8e-aed1-fa58fc9b3bb8", "position": 2, "text": "Given our previous factual findings, we find that Defendants are an enterprise within section 3(r) of the Act because they are engaged in related activities with unified operations or common control for a common business purpose.", "label": "potential value"}, "0a883b3b-a333-477f-86f2-fc239f3ac565": {"case_id": "1a9b98e1-2c0a-48b3-9c51-13f4adf0e618", "opinion_id": "925c2f34-be7c-4098-8bc4-069df1f994e5", "paragraph_id": "7ed01abd-989d-4b89-8f03-2d0b1cb7cd3d", "position": 0, "text": "[T]he related activities performed (either through unified operation or common control) by any person or persons for a common business purpose, and includes all such activities whether performed in one or more establishments or by one or more corporate or other organizational units including departments of an establishment operated through leasing arrangements, but shall not include the related activities performed for such enterprise by an independent contractor.", "label": "no value"}, "f2f6299e-3a3a-4a45-ba04-e8d644c5edd3": {"case_id": "a659507c-3189-428d-9b2d-ff8ba269e361", "opinion_id": "aca91b44-7712-4e47-90ec-35c721681379", "paragraph_id": "515d13c8-19c3-4925-b3ba-c4699c944174", "position": 1, "text": "[T]he related activities performed (either through unified operation or common control) by any person or persons for a common business purpose, and includes all such activities whether performed in one or more establishments or by one or more corporate or other organizational units....", "label": "no value"}, "7756a5e7-16d0-4fb9-b4bd-576be28b03ae": {"case_id": "a659507c-3189-428d-9b2d-ff8ba269e361", "opinion_id": "aca91b44-7712-4e47-90ec-35c721681379", "paragraph_id": "c518224b-a676-4387-a4b3-7ac285422d28", "position": 3, "text": "However, the definition of “common business purpose” “would not include eleemosynary, religious, or educational organizations not operated for profit.", "label": "high value"}, "91289731-950c-459d-9d66-847bfeb053f3": {"case_id": "c1065583-bad1-4f07-bb01-ff6217082dbd", "opinion_id": "58f160c0-0e09-4b0d-991a-44445710eca6", "paragraph_id": "6715cc54-b8ef-402a-a88e-81e04a22be2b", "position": 0, "text": "A single business enterprise remedy likewise defeats the corporate form, but is appropriate when two or more organizations that are separate de jure pool or integrate their resources de facto to achieve a common business purpose.", "label": "certain value"}, "0c9ebb3c-6894-4cda-859e-d010a3843d7d": {"case_id": "c1065583-bad1-4f07-bb01-ff6217082dbd", "opinion_id": "58f160c0-0e09-4b0d-991a-44445710eca6", "paragraph_id": "6715cc54-b8ef-402a-a88e-81e04a22be2b", "position": 1, "text": "If such commonality is established, each constituent organization may be held liable for the debts incurred by one or more of the others in pursuit of that common business purpose.", "label": "potential value"}, "0d347dd8-b7ec-48e3-9fcc-f36f1eb8f437": {"case_id": "dc8ed009-d810-4907-90b2-9737f2e93343", "opinion_id": "6038510e-7493-468f-ae09-a905efe4f70b", "paragraph_id": "268eae99-8235-487c-bba6-14ebe4645a5b", "position": 0, "text": "The plaintiff moves for partial summary judgment on ten separate issues: (1) whether the plaintiff was covered by the FLSA for the years 2010 through 2014; (2) whether A-l Entertainment shares liability with 1715 Northside Drive “for all post-December 2013 FLSA violations because it forms a single enterprise with 1715 [Northside Drive] with a unified operation, common control, and a common business purpose”; (3) whether A-l Entertainment is “liable as a successor entity for all of 1715 [Northside Drive’s] pre-December 2013 FLSA violations”; (4) whether the plaintiff was an “employee” under the FLSA at all relative times; (5) whether Popovitch was an “employer” under the FLSA at all relative times; (6) whether the plaintiff was exempt from the FLSA’s minimum-wage provisions as a creative professional; (7) whether the defendants violated the FLSA’s minimum-wage provisions by failing to pay the plaintiff any wages and by requiring the plaintiff to pay “kickbacks”; (8) whether the defendants are entitled to a set off; (9) whether the minimum-wage violations were “willful” as a matter of law; and (10) whether the plaintiff is entitled to partial summary judgment on the defendants’ counterclaims.", "label": "potential value"}, "f6a52b46-2e11-4baa-b122-ec208cf4586d": {"case_id": "dc8ed009-d810-4907-90b2-9737f2e93343", "opinion_id": "6038510e-7493-468f-ae09-a905efe4f70b", "paragraph_id": "b0cd48fe-53bb-4e97-8d07-16f98f5c69f0", "position": 0, "text": "The plaintiff reasons that after A-l Entertainment purchased 1715 Northside Drive in December 2013, the two entities formed a single enterprise with unified operation, common control, and a common business purpose.", "label": "potential value"}, "c78169bd-7944-4653-8869-30453b7dd159": {"case_id": "dc8ed009-d810-4907-90b2-9737f2e93343", "opinion_id": "6038510e-7493-468f-ae09-a905efe4f70b", "paragraph_id": "cb27030d-a66f-49f0-85fd-e932bd2cf5c8", "position": 1, "text": "The FLSA defines \"enterprise” to mean the \"related activities performed (either through unified operation or common control) by any person or persons for a common business purpose, and includes all such activities whether performed in one or more establishments or by one or more corporate or other organizational units....”", "label": "no value"}, "cabd2a0b-36f0-43d7-adc4-e8090c21ba0c": {"case_id": "5497dc69-adff-44de-b6b4-ebb21edc03c0", "opinion_id": "b387e1f0-b1e6-49af-ae61-9fa1b4dedf51", "paragraph_id": "13288ba3-0f7c-4fe4-a15c-861543e9395b", "position": 6, "text": "The FLSA defines enterprise as “the related activities performed ... by any person or persons for a common business purpose.”", "label": "no value"}, "dcc023c4-bb21-480e-a1ad-65110c4558b8": {"case_id": "7af0043d-2bc9-494a-abb3-28111d54ce96", "opinion_id": "386892f7-50a6-41d8-b0ca-08b9c538f9ed", "paragraph_id": "d400f308-2ede-40cd-b8f9-9c3aa505e777", "position": 0, "text": "The above described business activities of the defendants were and are related and performed through unified operation and common control for a common business purpose.", "label": "potential value"}, "7603c3f7-447c-45e0-9a49-1bc0a0c7028a": {"case_id": "548c7028-f99b-424f-a960-f903b2653187", "opinion_id": "7316832d-b3c6-4da7-8c6f-5cf60edab8a4", "paragraph_id": "593c9685-c29a-4598-9d8b-e6592865eb85", "position": 2, "text": "Typically used in the context of liability, the doctrine applies “when corporations are not operated as separate entities, but integrate their resources to achieve a common business purpose.”", "label": "potential value"}, "a7afbb11-bcdd-42fd-aa48-c927c386740a": {"case_id": "a9069f3d-1bcb-4016-a92c-3613dbe6dc8c", "opinion_id": "63ad45f9-6e79-4999-915b-cd10ef08550a", "paragraph_id": "7369776c-ad53-4dad-9354-f195f9040853", "position": 1, "text": "The Secretary contends that during the period since February 1, 1967 the Deane-Hill facilities and activities were related and performed through unified operations and under common control and for common business purposes.", "label": "potential value"}, "9789235b-9aaf-4d87-9f08-4a624d51a05d": {"case_id": "a9069f3d-1bcb-4016-a92c-3613dbe6dc8c", "opinion_id": "63ad45f9-6e79-4999-915b-cd10ef08550a", "paragraph_id": "c5538da0-22cf-420e-8495-92d8c9f80e2b", "position": 1, "text": "They are conducted through unified operation and under common control for a common business purpose.", "label": "no value"}, "cfaef241-6cc3-4182-8a08-892b83bc9256": {"case_id": "a9069f3d-1bcb-4016-a92c-3613dbe6dc8c", "opinion_id": "63ad45f9-6e79-4999-915b-cd10ef08550a", "paragraph_id": "58b8c453-a595-4828-8437-a1962ca1624f", "position": 0, "text": "1 . “(r) ‘Enterprise’ means the related activities performed (either through unified o'peration or common control) by any person or persons for a common business purpose, and includes all such activities whether performed in one or more establishments or by one or more corporate or other organizational units including departments of an establishment operated through leasing arrangements, but shall not include the related activities performed for such enterprise by an independent contractor: * *", "label": "no value"}}
