{"1766BB13-4FDB-4836-886A-000000000001":{"opinion_id":"10001", "position":"4", "text": "Deputy McKinney knew Allen personally and knew that Allen had a significant history of drug abuse, which included a prior criminalhistory\n", "label":"PC" },
"1766BB13-4FDB-4836-886A-000000000002":{"opinion_id":"10001",	"position":"4", "text": "Allen refused to look at Deputy McKinney orpresent himself to Deputy McKinney in a way that would allow him to immediately recognize Allen \n", "label":"SB" },
"1766BB13-4FDB-4836-886A-000000000003":{"opinion_id":"10001",	"position":"4", "text": "Further, Allen had a difficult time answeringbasic questions such as where he was coming from and where he was going, and the story he and Simisoneventually relayed to the officers wasn't adding up.\n", "label":"TP" },
"1766BB13-4FDB-4836-886A-000000000004":{"opinion_id":"10001",	"position":"4", "text": "despite a cool nighttimetemperature, Allen had his sleeves rolled p and was very sweaty\n", "label":"N" },
"1766BB13-4FDB-4836-886A-000000000005":{"opinion_id":"10001",	"position":"4", "text": "he also was clutching the steering wheeland exhibited an above average degree of nervousness for a traffic stop\n", "label":"N" },
"1766BB13-4FDB-4836-886A-000000000006":{"opinion_id":"10001",	"position":"4", "text": "the officers received a dispatch report that Allen and Simison were suspected of traffickingnarcotics \n", "label":"SC" },
"1766BB13-4FDB-4836-886A-000000000007":{"opinion_id":"10001",	"position":"4",	"text": "Our task is to review the totality of thecircumstances, and, again, that totality readily demonstrates a sufficient basis for reasonable suspicionunder the Fourth Amendment.\n", "label":"SP" },
"1766BB13-4FDB-4836-886A-000000000008":{"opinion_id":"10002",	"position":"4",	"text": "He observed appellant push the baggie down into her purse, where he would be unable to see it.\n", "label":"SB" },
"1766BB13-4FDB-4836-886A-000000000009":{"opinion_id":"10002",	"position":"4",	"text": "Asshe exited, appellant rolled up all the windows and used her key fob to lock the vehicle.\n", "label":"SB" },
"1766BB13-4FDB-4836-886A-000000000010":{"opinion_id":"10002",	"position":"4",	"text": "Appellant initially granted her consent to search thevehicle. But then she withdrew her consent and requested to speak to her attorney. \n", "label":"NV" },
"1766BB13-4FDB-4836-886A-000000000011":{"opinion_id":"10002",	"position":"4",	"text": "the presence of a firearm magazine in her purse\n", "label":"IV" },
"1766BB13-4FDB-4836-886A-000000000012":{"opinion_id":"10003",	"position":"4", "text": "Cannon's nervousness, including trembling hands,rapidly pulsating carotid artery, and confusion in responding to questions \n", "label":"N" },
"1766BB13-4FDB-4836-886A-000000000013":{"opinion_id":"10003",	"position":"4", "text": "Cannon's extensive criminalbackground, which included drug dealing and firearms charges \n", "label":"PC" },
"1766BB13-4FDB-4836-886A-000000000014":{"opinion_id":"10003",	"position":"4", "text": "the overwhelming odor of amasking agent (air fresheners) emanating from the vehicle and the vehicle's extreme cleanliness.\n", "label":"MA" },
"1766BB13-4FDB-4836-886A-000000000015":{"opinion_id":"10004",	"position":"4",	"text": "the trooper began pursuing the SUV, ran the SUV's license plate, anddiscovered that the registered owner was wanted for a parole violation, considered violent, dangerous, aflight risk, [and] known to use drugs and alcohol. \n", "label":"PC" },
"1766BB13-4FDB-4836-886A-000000000016":{"opinion_id":"10004",	"position":"4",	"text": "The trooper determined that the vehicle didnot belong to either Appellant or her passenger \n", "label":"VOAT" },
"1766BB13-4FDB-4836-886A-000000000017":{"opinion_id":"10004",	"position":"4",	"text": "who had an outstanding warrant, and Appellant gave conflicting information as tofrom where they had just travelled. While Mr. McAllister informed the trooper they had just come fromBrooklyn, New York visiting his family, Appellant informed the trooper the couple had just come from LongIsland visiting her family. \n", "label":"TP" },
"1766BB13-4FDB-4836-886A-000000000018":{"opinion_id":"10004",	"position":"4",	"text": "Moreover, based on his training and experience, Trooper Avvisato testified that Brooklyn is a common area known for drugs[.]\n", "label":"DC" },
"1766BB13-4FDB-4836-886A-000000000019":{"opinion_id":"10004",	"position":"4",	"text": "These factors taken togethersupported the trooper's reasonable suspicion that criminal activity was afoot, and, thus, warranted furtherinvestigation and detention beyond the mission that gave rise to the initial traffic stop.\n", "label":"SP" },
"1766BB13-4FDB-4836-886A-000000000020":{"opinion_id":"10005",	"position":"4",	"text": "Cowart-Darling exhibited signs of nervousness (his handswere shaking and he kept moving his hand to his right hip area), \n", "label":"N" },
"1766BB13-4FDB-4836-886A-000000000021":{"opinion_id":"10005",	"position":"4",	"text": "If anything, Cowart-Darling'sconflicting answers heightened the deputy's suspicion that criminal activity was afoot\n", "label":"TP" },
"1766BB13-4FDB-4836-886A-000000000022":{"opinion_id":"10005",	"position":"4",	"text": "Accordingly, because Deputy Kinik had a reasonable suspicion of criminal activity sufficient to detainCowart-Darling, and because the traffic stop was not unlawfully prolonged, we find that the trial courtproperly denied the motion to suppress \n", "label":"SP" },
"1766BB13-4FDB-4836-886A-000000000023":{"opinion_id":"10006",	"position":"4",	"text": "He testified that the area in which he noticed the truck driving at night without its headlightson was one in which he had made numerous drug arrests from people coming out of there. \n", "label":"DH" },
"1766BB13-4FDB-4836-886A-000000000024":{"opinion_id":"10006",	"position":"4",	"text": "the officer observed both appellant and the passenger moving aroundexcessively and the passenger heavily looking into the rearview mirror, which he described as both pre-attack indicators and behavior indicative of hiding drugs.\n", "label":"SM" },
"1766BB13-4FDB-4836-886A-000000000025":{"opinion_id":"10006",	"position":"4",	"text": "Officer Siegmund also noticed a level ofnervousness well in excess of that experienced by other drivers he had pulled over for traffic offenses. Hetestified that in his years of experience once he explains the reason he stops people, their fears are putside pretty quickly, but in this case, he observed appellant and the passenger did not calm down butinstead remained highly agitated.\n", "label":"N" }}
