{"ceb1725e-e1ea-41cb-ad40-ebb83d628dc7": {"case_id": "2f2cae7f-2516-4a29-8fdd-f4162ec49d2b", "opinion_id": "58f14491-f359-4e93-bc87-e6c08b64bd32", "paragraph_id": "e80f89ba-0e80-40a7-8726-348fdca0c567", "mg_id": "3351953", "position": 1, "text": "While waiting to determine the validity of the Defendant s\ndriver s license, Smith approached Odum and asked her\nwhere she and the Defendant had been. Id. at 3. Odum\nreplied that they had gone to Muskogee, Oklahoma\nto make a phone call. Id. Trooper Smith thought it\nwas strange that the Defendant and Odum traveled to\nMuskogee, Oklahoma, to make a phone call when the\nDefendant s driver license stated that the Defendant s\naddress was in Claremore, Oklahoma. Smith repeated to\nDefendant his question where he and Odum had been\ncoming from. Id. The Defendant then stated that he and\nOdum had driven to the Muskogee Correctional Center to\nvisit the Defendant s brother. Id. Smith believed that the\nstatements of the Defendant and Odum were conflicting.\nId.\n.", "label": "meaningful impact"}, "ceb1725e-e1ea-41cb-ad40-ebb83d628dc71": {"case_id": "2f2cae7f-2516-4a29-8fdd-f4162ec49d2b", "opinion_id": "58f14491-f359-4e93-bc87-e6c08b64bd32", "paragraph_id": "e80f89ba-0e80-40a7-8726-348fdca0c567", "mg_id": "3351953", "position": 1, "text": "During the conversation, Trooper Smith observed that\nDefendant appeared to be extremely nervous as exhibited\nby sweating and continually putting his hands in and out\nof his pockets. Id. Smith also observed the Defendant\n", "label": "minimal impact"}, "ceb1725e-e1ea-41cb-ad40-ebb83d628dc72": {"case_id": "2f2cae7f-2516-4a29-8fdd-f4162ec49d2b", "opinion_id": "58f14491-f359-4e93-bc87-e6c08b64bd32", "paragraph_id": "e80f89ba-0e80-40a7-8726-348fdca0c567", "mg_id": "3351953", "position": 1, "text": "Smith also observed the Defendant\nand Odum to appear very thin and exhibiting poor\nhygiene, conditions he believed were consistent with users\nof methamphetamine. Id. Smith further observed that\nOdum had a sunken face,", "label": "high impact"}, "ceb1725e-e1ea-41cb-ad40-ebb83d628dc73": {"case_id": "2f2cae7f-2516-4a29-8fdd-f4162ec49d2b", "opinion_id": "58f14491-f359-4e93-bc87-e6c08b64bd32", "paragraph_id": "e80f89ba-0e80-40a7-8726-348fdca0c567", "mg_id": "3351953", "position": 1, "text": "appeared very fidgety", "label": "minimal impact"}, "ceb1725e-e1ea-41cb-ad40-ebb83d628dc74": {"case_id": "2f2cae7f-2516-4a29-8fdd-f4162ec49d2b", "opinion_id": "58f14491-f359-4e93-bc87-e6c08b64bd32", "paragraph_id": "e80f89ba-0e80-40a7-8726-348fdca0c567", "mg_id": "3351953", "position": 2, "text": "The NCIC check revealed the\nDefendant had twice been incarcerated. Id. Trooper Smith\nasked the Defendant why the Defendant had denied eve\nbeing incarcerated. The Defendant replied that he though\nSmith was inquiring about recent incarcerations.", "label": "meaningful impact"}, "e6e7bbd8-753f-474f-8a72-b0124ebf43df": {"case_id": "27a9c54f-cf69-4b65-9f90-181b81c4b5aa", "opinion_id": "5642d521-eef5-4786-a17b-3c6dcd494067", "paragraph_id": "42f6ffcb-fb8c-439f-91f2-9dedea487589", "mg_id": "3351950", "position": 1, "text": "Officer Marchant noticed\nRibble moving around inside the vehicle and was “first\nleaning forward and then kind of shifting in her seat.\nAnd then her right arm went behind her back.” This\nbehavior “sparked [his] suspicions” that there may have\nbeen a weapon or contraband inside the vehicle.", "label": "minimal impact"}, "e6e7bbd8-753f-474f-8a72-b0124ebf43df1": {"case_id": "27a9c54f-cf69-4b65-9f90-181b81c4b5aa", "opinion_id": "5642d521-eef5-4786-a17b-3c6dcd494067", "paragraph_id": "42f6ffcb-fb8c-439f-91f2-9dedea487589", "mg_id": "3351950", "position": 1, "text": "While waiting for assistance, Officer Marchant\nobserved additional movements including Ribble “picking\nsomething up, [and] moving it.”"", "label": "minimal impact"}, "e6e7bbd8-753f-474f-8a72-b0124ebf43df2": {"case_id": "27a9c54f-cf69-4b65-9f90-181b81c4b5aa", "opinion_id": "5642d521-eef5-4786-a17b-3c6dcd494067", "paragraph_id": "42f6ffcb-fb8c-439f-91f2-9dedea487589", "mg_id": "3351950", "position": 1, "text": " Ribble explained she had been\nmoving around in the vehicle because she was looking for\nher keys so Officer Marchant would not think the vehicle\nwas stolen. She further explained that her “ignition was\nmessed up” and “she didn t have any keys in the ignition”\nbecause “the key broke off inside of it.”"", "label": "minimal impact"}, "e6e7bbd8-753f-474f-8a72-b0124ebf43df3": {"case_id": "27a9c54f-cf69-4b65-9f90-181b81c4b5aa", "opinion_id": "5642d521-eef5-4786-a17b-3c6dcd494067", "paragraph_id": "42f6ffcb-fb8c-439f-91f2-9dedea487589", "mg_id": "3351950", "position": 1, "text": "Officer Marchant noticed Ribble had her\npurse on her lap and “a multi-tool with the pliers portion\nunfolded on one side and a knife unfolded on the other\nside.” He also noticed Ribble had a fresh cut on her thumb.\nRibble explained that she had the tool out because she\nwanted to make sure she could start her vehicle.", "label": "minimal impact"}, "e6e7bbd8-753f-474f-8a72-b0124ebf43df4": {"case_id": "27a9c54f-cf69-4b65-9f90-181b81c4b5aa", "opinion_id": "5642d521-eef5-4786-a17b-3c6dcd494067", "paragraph_id": "42f6ffcb-fb8c-439f-91f2-9dedea487589", "mg_id": "3351950", "position": 1, "text": "her stories were inconsistent—at one\npoint she explained she used pliers to start the car, and\nat a later point she said she used the knife to start the car.", "label": "minimal impact"}, "187d30c7-08d8-423c-8796-7762f8c75dc5": {"case_id": "bf10a88a-ed34-48c9-91df-921d8abb4b26", "opinion_id": "2102c1fb-c8cd-4244-9c72-fc3b0a6099e1", "paragraph_id": "aa43c3fc-a1fa-4a12-9b6f-574408b96985", "mg_id": "3351951", "position": 1, "text": "Trooper Peeples noticed the strong smel\nof air freshener coming from the vehicle, ", "label": "meaningful impact"}, "187d30c7-08d8-423c-8796-7762f8c75dc51": {"case_id": "bf10a88a-ed34-48c9-91df-921d8abb4b26", "opinion_id": "2102c1fb-c8cd-4244-9c72-fc3b0a6099e1", "paragraph_id": "aa43c3fc-a1fa-4a12-9b6f-574408b96985", "mg_id": "3351951", "position": 1, "text": "upper lip quivered when he spoke, indicating nervousness", "label": "minimal impact"}, "187d30c7-08d8-423c-8796-7762f8c75dc52": {"case_id": "bf10a88a-ed34-48c9-91df-921d8abb4b26", "opinion_id": "2102c1fb-c8cd-4244-9c72-fc3b0a6099e1", "paragraph_id": "aa43c3fc-a1fa-4a12-9b6f-574408b96985", "mg_id": "3351951", "position": 0, "text": "rental agreement. Id. The\nagreement showed that the vehicle was rented in Los\nAngele", "label": "meaningful impact"}, "187d30c7-08d8-423c-8796-7762f8c75dc53": {"case_id": "bf10a88a-ed34-48c9-91df-921d8abb4b26", "opinion_id": "2102c1fb-c8cd-4244-9c72-fc3b0a6099e1", "paragraph_id": "aa43c3fc-a1fa-4a12-9b6f-574408b96985", "mg_id": "3351951", "position": 0, "text": "Mr. Wrobel rolled down\nboth windows, and didn t immediately roll up the driver s\nside window all the way when invited", "label": "minimal impact"}, "187d30c7-08d8-423c-8796-7762f8c75dc54": {"case_id": "bf10a88a-ed34-48c9-91df-921d8abb4b26", "opinion_id": "2102c1fb-c8cd-4244-9c72-fc3b0a6099e1", "paragraph_id": "aa43c3fc-a1fa-4a12-9b6f-574408b96985", "mg_id": "3351951", "position": 0, "text": "the fact that Mr. Wrobel planned to be in Montana for about three days but had rented the car for three weeks", "label": "minimal impact"}, "187d30c7-08d8-423c-8796-7762f8c75dc55": {"case_id": "bf10a88a-ed34-48c9-91df-921d8abb4b26", "opinion_id": "2102c1fb-c8cd-4244-9c72-fc3b0a6099e1", "paragraph_id": "aa43c3fc-a1fa-4a12-9b6f-574408b96985", "mg_id": "3351951", "position": 0, "text": "overcompensating by attempting to affiliate with the\nlocal religious community.", "label": "minimal impact"}, "4a7b23c8-0eb8-4f65-bd5a-33b43db44514": {"case_id": "cb54a8b8-7c05-4ab3-b523-8f1d6dcd33ba", "opinion_id": "d94421ff-e808-4191-9b2b-20d3729205c6", "paragraph_id": "7eb6747e-23d4-4d85-b719-37ed8db80131", "mg_id": "3351954", "position": 0, "text": "wasn t his car. He produced the\nregistration but not his driver s license.", "label": "meaningful impact"}, "4a7b23c8-0eb8-4f65-bd5a-33b43db445141": {"case_id": "cb54a8b8-7c05-4ab3-b523-8f1d6dcd33ba", "opinion_id": "d94421ff-e808-4191-9b2b-20d3729205c6", "paragraph_id": "7eb6747e-23d4-4d85-b719-37ed8db80131", "mg_id": "3351954", "position": 1, "text": "lower half of Mr. Pettit s body was “kind\nof” moving nervously.", "label": "minimal impact"},  "4a7b23c8-0eb8-4f65-bd5a-33b43db445142": {"case_id": "cb54a8b8-7c05-4ab3-b523-8f1d6dcd33ba", "opinion_id": "d94421ff-e808-4191-9b2b-20d3729205c6", "paragraph_id": "7eb6747e-23d4-4d85-b719-37ed8db80131", "mg_id": "3351954", "position": 4, "text": "stated twice\nwithin a brief period that Trooper Simpson made him\nnervous.", "label": "minimal impact"}, "4a7b23c8-0eb8-4f65-bd5a-33b43db445143": {"case_id": "cb54a8b8-7c05-4ab3-b523-8f1d6dcd33ba", "opinion_id": "d94421ff-e808-4191-9b2b-20d3729205c6", "paragraph_id": "7eb6747e-23d4-4d85-b719-37ed8db80131", "mg_id": "3351954", "position": 1, "text": "asking about the\nluggage, Mr. Pettit stated that Trooper Simpson was\nmaking him nervous.", "label": "meaningful impact"}, "4a7b23c8-0eb8-4f65-bd5a-33b43db445144": {"case_id": "cb54a8b8-7c05-4ab3-b523-8f1d6dcd33ba", "opinion_id": "d94421ff-e808-4191-9b2b-20d3729205c6", "paragraph_id": "7eb6747e-23d4-4d85-b719-37ed8db80131", "mg_id": "3351954", "position": 1, "text": "When Mr. Pettit went through his wallet Trooper Simpson\nnoticed that he skipped over a California license before he\nretrieved and gave Trooper Simpson a Missouri license." , "label": "minimal impact"}, "a82c6597-b80d-4cf4-9d72-835b8648555f": {"case_id": "1a9b98e1-2c0a-48b3-9c51-13f4adf0e618", "opinion_id": "925c2f34-be7c-4098-8bc4-069df1f994e5", "paragraph_id": "2d0284bc-b5ef-4e8e-aed1-fa58fc9b3bb8", "mg_id": "3351952", "position": 2, "text": "was extremely\nnervous when Wade made contact with him.", "label": "minimal impact"}, "a82c6597-b80d-4cf4-9d72-835b8648555f1": {"case_id": "1a9b98e1-2c0a-48b3-9c51-13f4adf0e618", "opinion_id": "925c2f34-be7c-4098-8bc4-069df1f994e5", "paragraph_id": "2d0284bc-b5ef-4e8e-aed1-fa58fc9b3bb8", "mg_id": "3351952", "position": 2, "text": "hands were shaking so bad that\nappellant had trouble retrieving his driver s license from\nhis wallet.", "label": "minimal impact"}, "a82c6597-b80d-4cf4-9d72-835b8648555f2": {"case_id": "1a9b98e1-2c0a-48b3-9c51-13f4adf0e618", "opinion_id": "925c2f34-be7c-4098-8bc4-069df1f994e5", "paragraph_id": "2d0284bc-b5ef-4e8e-aed1-fa58fc9b3bb8", "mg_id": "3351952", "position": 2, "text": " Wade testified that appellant s voice\nwas shaky and breaking." , "label": "minimal impact"}, "a82c6597-b80d-4cf4-9d72-835b8648555f3": {"case_id": "1a9b98e1-2c0a-48b3-9c51-13f4adf0e618", "opinion_id": "925c2f34-be7c-4098-8bc4-069df1f994e5", "paragraph_id": "2d0284bc-b5ef-4e8e-aed1-fa58fc9b3bb8", "mg_id": "3351952", "position": 2, "text": "appellant was\nnoticeably more nervous than most people he came into\ncontact with when stopping them for a traffic offense.", "label": "minimal impact"}, "a82c6597-b80d-4cf4-9d72-835b8648555f4": {"case_id": "1a9b98e1-2c0a-48b3-9c51-13f4adf0e618", "opinion_id": "925c2f34-be7c-4098-8bc4-069df1f994e5", "paragraph_id": "2d0284bc-b5ef-4e8e-aed1-fa58fc9b3bb8", "mg_id": "3351952", "position": 2, "text": "informed Trooper Wade that he was\nin marijuana anonymous or drug anonymous, after\npreviously stating he doesn t use drugs or smoke\nmarijuana.\n", "label": "meaningful impact"}, "a82c6597-b80d-4cf4-9d72-835b8648555f5": {"case_id": "1a9b98e1-2c0a-48b3-9c51-13f4adf0e618", "opinion_id": "925c2f34-be7c-4098-8bc4-069df1f994e5", "paragraph_id": "2d0284bc-b5ef-4e8e-aed1-fa58fc9b3bb8", "mg_id": "3351952", "position": 2, "text": "admitted to lying",  "a82c6597-b80d-4cf4-9d72-835b8648555f7": {"case_id": "1a9b98e1-2c0a-48b3-9c51-13f4adf0e618", "opinion_id": "925c2f34-be7c-4098-8bc4-069df1f994e5", "paragraph_id": "2d0284bc-b5ef-4e8e-aed1-fa58fc9b3bb8", "mg_id": "3351952", "position": 2, "text": "continued to show signs of nervousness by\nfidgeting with his hands", "label": "minimal impact"}, "a82c6597-b80d-4cf4-9d72-835b8648555f8": {"case_id": "1a9b98e1-2c0a-48b3-9c51-13f4adf0e618", "opinion_id": "925c2f34-be7c-4098-8bc4-069df1f994e5", "paragraph_id": "2d0284bc-b5ef-4e8e-aed1-fa58fc9b3bb8", "mg_id": "3351952", "position": 2, "text": "could search his vehicle but then changed his\nmind and declined to allow Wade to search the vehicle.", "label": "minimal impact"}, "f2f6299e-3a3a-4a45-ba04-e8d644c5edd3": {"case_id": "a659507c-3189-428d-9b2d-ff8ba269e361", "opinion_id": "aca91b44-7712-4e47-90ec-35c721681379", "paragraph_id": "515d13c8-19c3-4925-b3ba-c4699c944174", "mg_id": "3505783", "position": 1, "text": "strong odor of an air freshener.", "label": "meaningful impact"}, "f2f6299e-3a3a-4a45-ba04-e8d644c5edd31": {"case_id": "a659507c-3189-428d-9b2d-ff8ba269e361", "opinion_id": "aca91b44-7712-4e47-90ec-35c721681379", "paragraph_id": "515d13c8-19c3-4925-b3ba-c4699c944174", "mg_id": "3505783", "position": 1, "text": "observed a large metal box in the rear of the vehicle.", "label": "meainingful impact"}, "f2f6299e-3a3a-4a45-ba04-e8d644c5edd32": {"case_id": "a659507c-3189-428d-9b2d-ff8ba269e361", "opinion_id": "aca91b44-7712-4e47-90ec-35c721681379", "paragraph_id": "515d13c8-19c3-4925-b3ba-c4699c944174", "mg_id": "3505783", "position": 1, "text": " appeared nervous\nand began pacing back and forth." , "label": "minimal impact"}, "f2f6299e-3a3a-4a45-ba04-e8d644c5edd33": {"case_id": "a659507c-3189-428d-9b2d-ff8ba269e361", "opinion_id": "aca91b44-7712-4e47-90ec-35c721681379", "paragraph_id": "515d13c8-19c3-4925-b3ba-c4699c944174", "mg_id": "3505783", "position": 1, "text": " presented Gordon with a Permission to Search\nform and requested permission to search Gordon s vehicle.\nGordon refused Willis s request." , "label": "no impact"}, "f2f6299e-3a3a-4a45-ba04-e8d644c5edd34": {"case_id": "a659507c-3189-428d-9b2d-ff8ba269e361", "opinion_id": "aca91b44-7712-4e47-90ec-35c721681379", "paragraph_id": "515d13c8-19c3-4925-b3ba-c4699c944174", "mg_id": "3505783", "position": 1, "text": " the fact that\nGordon stated he had been in Houston for the three days\nprior to the stop and Willis could only observe one change\nof clothes in Gordon s vehicle", "label": "minimal impact"}, "91289731-950c-459d-9d66-847bfeb053f3": {"case_id": "c1065583-bad1-4f07-bb01-ff6217082dbd", "opinion_id": "58f160c0-0e09-4b0d-991a-44445710eca6", "paragraph_id": "6715cc54-b8ef-402a-a88e-81e04a22be2b", "mg_id": "3351945", "position": 0, "text":  "During their conversation, Vaughan\ninformed Homiak that he left Petersburg that morning\nand traveled to Emporia, Virginia, to pick up Scott. When\nasked where in Emporia he came from, however, Vaughan\ncould not recall and said that Scott lived in Stony Creek,\nwhich Homiak testified is 13 or 14 miles north of Emporia.", "label": "meainingful impact"}, "91289731-950c-459d-9d66-847bfeb053f31": {"case_id": "c1065583-bad1-4f07-bb01-ff6217082dbd", "opinion_id": "58f160c0-0e09-4b0d-991a-44445710eca6", "paragraph_id": "6715cc54-b8ef-402a-a88e-81e04a22be2b", "mg_id": "3351945", "position": 0, "text": "Scott s apparent nervousness when\nHomiak first spoke to Vaughan", "label": "minimal impact"}, "91289731-950c-459d-9d66-847bfeb053f32": {"case_id": "c1065583-bad1-4f07-bb01-ff6217082dbd", "opinion_id": "58f160c0-0e09-4b0d-991a-44445710eca6", "paragraph_id": "6715cc54-b8ef-402a-a88e-81e04a22be2b", "mg_id": "3351945", "position": 0, "text": "his increased\nnervousness when Homiak later spoke alone to Scott", "label": "minimal impact"}, "91289731-950c-459d-9d66-847bfeb053f33": {"case_id": "c1065583-bad1-4f07-bb01-ff6217082dbd", "opinion_id": "58f160c0-0e09-4b0d-991a-44445710eca6", "paragraph_id": "6715cc54-b8ef-402a-a88e-81e04a22be2b", "mg_id": "3351945", "position": 0, "text": "the presence of four cellular phones, two of which were\npre-paid ", "label": "meaningful impact"}, "0d347dd8-b7ec-48e3-9fcc-f36f1eb8f437": {"case_id": "dc8ed009-d810-4907-90b2-9737f2e93343", "opinion_id": "6038510e-7493-468f-ae09-a905efe4f70b", "paragraph_id": "268eae99-8235-487c-bba6-14ebe4645a5b", "mg_id": "3505784", "position": 0, "text": "extraordinarily nervous", "label": "minimal impact"}, "0d347dd8-b7ec-48e3-9fcc-f36f1eb8f437": {"case_id": "dc8ed009-d810-4907-90b2-9737f2e93343", "opinion_id": "6038510e-7493-468f-ae09-a905efe4f70b", "paragraph_id": "268eae99-8235-487c-bba6-14ebe4645a5b", "position": 0, "text": "behavior\nbecame defensive when marijuana was mentioned.", "label": "meaningful impact"}, "0d347dd8-b7ec-48e3-9fcc-f36f1eb8f437": {"case_id": "dc8ed009-d810-4907-90b2-9737f2e93343", "opinion_id": "6038510e-7493-468f-ae09-a905efe4f70b", "paragraph_id": "268eae99-8235-487c-bba6-14ebe4645a5b", "position": 0, "text": "strong smell of laundry\ndetergent or dryer sheets." , "label": "meaningful impact"}, "cabd2a0b-36f0-43d7-adc4-e8090c21ba0c1": {"case_id": "5497dc69-adff-44de-b6b4-ebb21edc03c0", "opinion_id": "b387e1f0-b1e6-49af-ae61-9fa1b4dedf51", "paragraph_id": "13288ba3-0f7c-4fe4-a15c-861543e9395b", "mg_id": "3351990", "position": 4, "text": "Taylor observed that Beck appeared nervous since his hands were shaking and he was looking around. Office", "label": "minimal impact"}, "cabd2a0b-36f0-43d7-adc4-e8090c21ba0c1": {"case_id": "5497dc69-adff-44de-b6b4-ebb21edc03c0", "opinion_id": "b387e1f0-b1e6-49af-ae61-9fa1b4dedf51", "paragraph_id": "13288ba3-0f7c-4fe4-a15c-861543e9395b", "mg_id": "3351990", "position": 4, "text":"Taylor also saw “fast food trash” on the Buicks front passenger floorboard.", "label": "meaningful impact"}, "cabd2a0b-36f0-43d7-adc4-e8090c21ba0c2": {"case_id": "5497dc69-adff-44de-b6b4-ebb21edc03c0", "opinion_id": "b387e1f0-b1e6-49af-ae61-9fa1b4dedf51", "paragraph_id": "13288ba3-0f7c-4fe4-a15c-861543e9395b", "mg_id": "3351990", "position": 4, "text": "While Officer Taylor observed a\nbriefcase in the rear of the automobile, he did not see\nany luggage in the car s passenger compartment.", "label": "meaningful impact"}, "cabd2a0b-36f0-43d7-adc4-e8090c21ba0c3": {"case_id": "5497dc69-adff-44de-b6b4-ebb21edc03c0", "opinion_id": "b387e1f0-b1e6-49af-ae61-9fa1b4dedf51", "paragraph_id": "13288ba3-0f7c-4fe4-a15c-861543e9395b", "mg_id": "3351990", "position": 4, "text": "Officer Taylor then asked Beck\nif he could conduct a quick search of Becks Buick. Beck became more nervous and asked Officer Taylor why wanted to search his automobile." , "label": "minimal impact"},"dcc023c4-bb21-480e-a1ad-65110c4558b81": {"case_id": "7af0043d-2bc9-494a-abb3-28111d54ce96", "opinion_id": "386892f7-50a6-41d8-b0ca-08b9c538f9ed", "paragraph_id": "d400f308-2ede-40cd-b8f9-9c3aa505e777", "mg_id": "3505785", "position": 0, "text": "the vehicle was owned by and registered to the\ndefendant;", "label": "no impact"}, "dcc023c4-bb21-480e-a1ad-65110c4558b82": {"case_id": "7af0043d-2bc9-494a-abb3-28111d54ce96", "opinion_id": "386892f7-50a6-41d8-b0ca-08b9c538f9ed", "paragraph_id": "d400f308-2ede-40cd-b8f9-9c3aa505e777", "mg_id": "3505785", "position": 0, "text": "the defendant s driver s license was current and\nvalid and the vehicle was properly registered, inspected,\nand insured", "label": "no impact"}, "dcc023c4-bb21-480e-a1ad-65110c4558b83": {"case_id": "7af0043d-2bc9-494a-abb3-28111d54ce96", "opinion_id": "386892f7-50a6-41d8-b0ca-08b9c538f9ed", "paragraph_id": "d400f308-2ede-40cd-b8f9-9c3aa505e777", "mg_id": "3505785", "position": 0, "text": "there were no outstanding warrants for\nthe defendant s arrest", "label": "no impact"}, "dcc023c4-bb21-480e-a1ad-65110c4558b84": {"case_id": "7af0043d-2bc9-494a-abb3-28111d54ce96", "opinion_id": "386892f7-50a6-41d8-b0ca-08b9c538f9ed", "paragraph_id": "d400f308-2ede-40cd-b8f9-9c3aa505e777", "mg_id": "3505785", "position": 0, "text": "extremely nervous,", "label": "minimal impact"}, "dcc023c4-bb21-480e-a1ad-65110c4558b85": {"case_id": "7af0043d-2bc9-494a-abb3-28111d54ce96", "opinion_id": "386892f7-50a6-41d8-b0ca-08b9c538f9ed", "paragraph_id": "d400f308-2ede-40cd-b8f9-9c3aa505e777", "mg_id": "3505785", "position": 0, "text": "making no eye contact", "label": "minimal impact"}, "dcc023c4-bb21-480e-a1ad-65110c4558b86": {"case_id": "7af0043d-2bc9-494a-abb3-28111d54ce96", "opinion_id": "386892f7-50a6-41d8-b0ca-08b9c538f9ed", "paragraph_id": "d400f308-2ede-40cd-b8f9-9c3aa505e777", "mg_id": "3505785", "position": 0, "text": "stuttering his\nspeech in answering questions,", "label": "minimal impact"}, "dcc023c4-bb21-480e-a1ad-65110c4558b87": {"case_id": "7af0043d-2bc9-494a-abb3-28111d54ce96", "opinion_id": "386892f7-50a6-41d8-b0ca-08b9c538f9ed", "paragraph_id": "d400f308-2ede-40cd-b8f9-9c3aa505e777", "mg_id": "3505785", "position": 0, "text": "offering unrelated\ninformation to the trooper", "label": "minimal impact"}, "dcc023c4-bb21-480e-a1ad-65110c4558b87": {"case_id": "7af0043d-2bc9-494a-abb3-28111d54ce96", "opinion_id": "386892f7-50a6-41d8-b0ca-08b9c538f9ed", "paragraph_id": "d400f308-2ede-40cd-b8f9-9c3aa505e777", "mg_id": "3505785", "position": 0, "text": "the defendant s evasive answers about where\nhe had come from and where he was going ", "label": "meaningful impact"}, "dcc023c4-bb21-480e-a1ad-65110c4558b88": {"case_id": "7af0043d-2bc9-494a-abb3-28111d54ce96", "opinion_id": "386892f7-50a6-41d8-b0ca-08b9c538f9ed", "paragraph_id": "d400f308-2ede-40cd-b8f9-9c3aa505e777", "mg_id": "3505785", "position": 0, "text": "a major drug source city", "label": "high impact"}, "dcc023c4-bb21-480e-a1ad-65110c4558b89": {"case_id": "7af0043d-2bc9-494a-abb3-28111d54ce96", "opinion_id": "386892f7-50a6-41d8-b0ca-08b9c538f9ed", "paragraph_id": "d400f308-2ede-40cd-b8f9-9c3aa505e777", "mg_id": "3505785", "position": 0, "text": "prior convictions,", "label": "high impact"}, "7603c3f7-447c-45e0-9a49-1bc0a0c7028a": {"case_id": "548c7028-f99b-424f-a960-f903b2653187", "opinion_id": "7316832d-b3c6-4da7-8c6f-5cf60edab8a4", "paragraph_id": "593c9685-c29a-4598-9d8b-e6592865eb85", "mg_id":"3351949", "position": 2, "text": "numerous air fresheners\nand packages that were releasing an “overwhelming” odor\nof air freshener. ", "label": "high impact"}, "7603c3f7-447c-45e0-9a49-1bc0a0c7028a1": {"case_id": "548c7028-f99b-424f-a960-f903b2653187", "opinion_id": "7316832d-b3c6-4da7-8c6f-5cf60edab8a4", "paragraph_id": "593c9685-c29a-4598-9d8b-e6592865eb85", "mg_id":"3351949, "position": 2, "text": "nervousness", "label": "minimal impact"}, "7603c3f7-447c-45e0-9a49-1bc0a0c7028a2": {"case_id": "548c7028-f99b-424f-a960-f903b2653187", "opinion_id": "7316832d-b3c6-4da7-8c6f-5cf60edab8a4", "paragraph_id": "593c9685-c29a-4598-9d8b-e6592865eb85", "mg_id":"3351949, "position": 2, "text": "a lot\nof criminal activity going up and down this interstate", "label": "meaningful impact"}, "a7afbb11-bcdd-42fd-aa48-c927c386740a": {"case_id": "a9069f3d-1bcb-4016-a92c-3613dbe6dc8c", "opinion_id": "63ad45f9-6e79-4999-915b-cd10ef08550a", "paragraph_id": "7369776c-ad53-4dad-9354-f195f9040853", "mg_id": "3507462", "position": 1, "text": " the rental agreement was of extremely short duration", "label": "meaningful impact"}, "a7afbb11-bcdd-42fd-aa48-c927c386740a1": {"case_id": "a9069f3d-1bcb-4016-a92c-3613dbe6dc8c", "opinion_id": "63ad45f9-6e79-4999-915b-cd10ef08550a", "paragraph_id": "7369776c-ad53-4dad-9354-f195f9040853", "mg_id": "3507462", "position": 1, "text": "Mr. Powell answered that he was not. Deputy Trammel then sought \npermission to search the vehicle, but Mr. Powell refused.", "label": "no impact"}, "a7afbb11-bcdd-42fd-aa48-c927c386740a2": {"case_id": "a9069f3d-1bcb-4016-a92c-3613dbe6dc8c", "opinion_id": "63ad45f9-6e79-4999-915b-cd10ef08550a", "paragraph_id": "7369776c-ad53-4dad-9354-f195f9040853", "mg_id": "3507462", "position": 1, "text": "strong odor of deodorizer, specifically \nfabric softener,", "label": "high impact"}, "a7afbb11-bcdd-42fd-aa48-c927c386740a3": {"case_id": "a9069f3d-1bcb-4016-a92c-3613dbe6dc8c", "opinion_id": "63ad45f9-6e79-4999-915b-cd10ef08550a", "paragraph_id": "7369776c-ad53-4dad-9354-f195f9040853", "mg_id": "3507462", "position": 1, "text": "transporting a relatively small amount of luggage seemingly \ninconsistent with his stated purpose of moving to Kentucky.", "label": "meaningful impact"}, "a7afbb11-bcdd-42fd-aa48-c927c386740a4": {"case_id": "a9069f3d-1bcb-4016-a92c-3613dbe6dc8c", "opinion_id": "63ad45f9-6e79-4999-915b-cd10ef08550a", "paragraph_id": "7369776c-ad53-4dad-9354-f195f9040853", "mg_id": "3507462", "position": 1, "text": "“excessively nervous” and \nremained so throughout the entire encounter,", "label": "minimal impact"}}
